Date,Steps,Calories,Distance (meters),ActiveTime (seconds)
7/22/2021,4563,156.1,3300,1320
7/23/2021,350,6.6,233,0
7/24/2021,3319,131.5,2288,2160
7/25/2021,346,8.6,235,0
7/26/2021,771,23.7,554,120
7/27/2021,445,11.4,299,0
10/10/2021,1312,32.3,894,0
10/11/2021,12037,501.4,9527,6720
10/12/2021,3984,155,3101,1800
10/13/2021,5128,214.4,3751,3480
10/14/2021,4193,171,3046,2640
10/15/2021,7540,310.8,5514,4800
10/16/2021,1441,47.7,966,540
10/17/2021,397,10.7,248,60
10/18/2021,4213,169.1,3190,2400
10/19/2021,5684,202.4,4271,1920
10/20/2021,5921,235,4274,3480
10/21/2021,5838,249.2,4373,3960
10/22/2021,4009,172.8,3053,2700
10/23/2021,1909,63.9,1298,720
11/19/2021,3537,137.5,2726,1500
11/20/2021,2907,108.5,2056,1500
11/21/2021,1188,29.8,837,0
11/22/2021,4117,175,3319,2400
11/23/2021,3397,143.1,2622,2160
11/24/2021,3789,165.1,2911,2700
11/25/2021,8972,391.3,6360,5520
11/26/2021,844,32.6,607,360
11/27/2021,15308,648.6,10817,11040
11/28/2021,1011,37.7,683,480
11/29/2021,2754,111.4,2024,1620
11/30/2021,3413,137.9,2510,2040
12/1/2021,5090,212.8,3768,3180
12/2/2021,3553,135.1,2813,1500
12/3/2021,6688,255.4,5002,3240
12/4/2021,4829,180.1,3342,2700
12/5/2021,9826,402,6790,6540
12/6/2021,3605,144.4,2620,2220
12/7/2021,2628,120.2,2046,1740
12/15/2021,2316,0,2030,0
12/16/2021,2911,0,2520,0
12/17/2021,353,0,232,0
12/18/2021,287,0,192,0
12/19/2021,228,0,156,0
12/20/2021,9884,0,7051,0
12/21/2021,11274,461.2,7773,7500
12/22/2021,10465,462.5,7437,7260
12/23/2021,12762,519.4,8406,9120
12/24/2021,12540,560.9,9047,8820
12/25/2021,8482,0,5831,0
12/26/2021,8968,0,6258,0
12/27/2021,4584,0,2979,0
12/28/2021,222,5.9,152,0
12/29/2021,1692,66.8,1152,960
12/30/2021,128,4.5,87,60
1/1/2022,275,0,183,0
1/2/2022,303,0,207,0
1/3/2022,3500,0,2616,0
1/4/2022,226,0,152,0
1/5/2022,215,0,132,0
1/6/2022,2137,0,1609,0
1/7/2022,8491,606.9,9057,4500
1/8/2022,8086,366.5,5860,5640
1/9/2022,317,10.9,224,120
1/10/2022,2430,110.3,1790,1680
1/11/2022,9905,744.8,10522,5400
1/12/2022,8534,548.5,8463,5160
1/13/2022,2385,107.9,1853,1320
1/14/2022,2305,100.1,1735,1800
1/15/2022,360,12,252,120
1/16/2022,320,9.4,214,60
1/17/2022,239,7,181,0
1/18/2022,11705,851.2,12623,6300
1/19/2022,3865,320.3,4111,1905
1/20/2022,8955,771.1,9544,4374
1/21/2022,5799,473.2,5745,3651
1/22/2022,436,11.9,280,60
1/23/2022,326,8.7,226,0
1/24/2022,4282,181.7,3323,2640
1/25/2022,3645,147.8,2724,2220
1/26/2022,4960,225.4,3921,3360
1/27/2022,4439,179.7,3337,2520
1/28/2022,4735,199.6,3567,3060
1/29/2022,317,10.6,213,120
1/30/2022,242,7.3,160,60
1/31/2022,4616,214.3,3747,3000
2/1/2022,2439,102.2,1822,1620
2/2/2022,3451,160.7,2869,2340
2/20/2022,1314,37.8,909,300
2/21/2022,8446,325,6094,4260
2/22/2022,5965,222.1,4089,3420
2/23/2022,474,12.3,308,120
2/24/2022,306,7.9,208,0
2/25/2022,811,33,585,540
2/26/2022,8318,347.3,5578,5700
2/27/2022,1137,43.9,771,720
2/28/2022,3759,150.2,2672,2340
3/1/2022,4840,207.4,3620,3480
3/2/2022,4989,215.2,3836,3120
3/3/2022,3802,180.2,3263,2100
3/4/2022,3153,136.3,2364,2100
3/5/2022,296,9.7,198,120
3/6/2022,4917,200.1,3252,3540
3/7/2022,6674,285,5190,4200
3/8/2022,3333,137.6,2446,2100
3/9/2022,5666,240.1,4261,3720
3/10/2022,3763,165.9,2992,2400
3/26/2022,303,6.5,227,0
3/27/2022,11859,494.3,8340,7620
3/28/2022,3995,148.8,3151,1560
3/29/2022,3071,106.9,2447,780
3/30/2022,4060,177.3,3364,2160
3/31/2022,3065,129.7,2327,1920
4/1/2022,7627,331,5896,5160
4/2/2022,4998,443.5,5539,2545
4/3/2022,845,23.9,532,180
4/4/2022,4076,167.3,2996,2580
4/5/2022,4043,161.3,2935,2340
4/6/2022,5718,247.1,4375,4020
4/7/2022,9963,450.8,7866,7080
4/8/2022,4131,160,3024,2160
4/9/2022,17537,744.4,12823,11640
4/10/2022,5934,213.2,3809,3060
4/11/2022,4101,167.3,2997,2640
4/12/2022,4524,178.2,3324,2640
4/13/2022,5203,221.9,4013,3300
4/14/2022,6176,256.8,4530,4140
4/15/2022,4558,193.6,3473,3060
4/16/2022,6553,279.8,4767,4560
4/17/2022,23911,937.9,15898,16500
4/18/2022,15826,610.5,9965,11280
4/19/2022,22733,889.8,15151,15240
4/20/2022,19971,797,13615,13860
4/21/2022,25168,987.3,16720,17520
4/22/2022,20736,841.7,14673,13620
4/23/2022,43,2.4,30,60
4/24/2022,9846,409.5,7193,6360
4/25/2022,6140,273,4939,4140
4/26/2022,12276,593.8,10442,8760
4/27/2022,10211,491.8,8437,6960
4/28/2022,6578,275.9,4843,4320
4/29/2022,4435,183.7,3406,2700
4/30/2022,1273,51.8,900,780
5/1/2022,304,9.1,201,60
5/2/2022,3324,138.2,2576,1800
5/3/2022,7289,310.9,5659,4440
5/4/2022,4527,194.4,3356,3300
5/5/2022,5604,236.2,4159,3840
5/6/2022,10485,450.3,8097,7080
5/7/2022,2620,94.4,1874,1260
5/8/2022,3634,140.8,2374,2340
5/9/2022,4827,222.3,3924,3180
5/10/2022,3520,121,2505,1320
5/11/2022,4494,173.5,3272,2520
5/12/2022,5075,206.4,3806,3180
5/13/2022,6956,292.9,5186,4800
5/14/2022,11387,468.4,7782,7860
5/15/2022,1347,46.4,905,600
5/16/2022,4957,215.5,3781,3180
5/17/2022,5478,223.9,4168,3240
5/18/2022,4265,171.1,3038,2640
5/19/2022,5530,206.2,3853,3060
5/20/2022,5914,242.9,4410,3900
5/21/2022,2273,93.7,1531,1440
5/22/2022,370,9.7,250,0
5/23/2022,3430,134.4,2455,2040
5/24/2022,5673,219.9,4157,3180
5/25/2022,2559,89.9,1817,1140
5/26/2022,6998,316,5269,5280
5/27/2022,6052,232.7,4055,3840
5/28/2022,8334,554.8,7527,4523
5/29/2022,1116,40.5,717,660
5/30/2022,10805,419.7,7249,6600
5/31/2022,4535,188.8,3205,3240
6/1/2022,5402,203.4,3756,3000
6/2/2022,5153,197.6,3557,3120
6/3/2022,4998,193.3,3384,3240
6/4/2022,20491,1756.6,21253,11893
6/5/2022,447,13.6,294,120
6/6/2022,555,16.5,372,120
6/7/2022,4449,191.5,3541,2640
6/8/2022,480,12.7,335,0
6/9/2022,2135,83.3,1474,1320
6/10/2022,244,7,162,60
6/11/2022,31,0.8,21,0
6/12/2022,32903,1580.8,28267,19500
6/13/2022,318,13.5,247,180
6/14/2022,314,9.8,196,120
6/15/2022,316,7.9,207,0
6/16/2022,272,7.8,192,0
6/17/2022,1073,41,680,660
6/18/2022,11229,635.8,10717,6660
6/19/2022,2371,101.8,1462,1740
6/20/2022,7821,336.1,5101,4680
6/21/2022,1424,54.1,951,900
6/22/2022,1161,38.1,750,480
6/23/2022,1525,51.4,1000,660
6/24/2022,1805,67.9,1184,1140
6/25/2022,3014,148.3,1990,2160
6/26/2022,6736,292.7,4498,4800
6/27/2022,2534,118,1686,1620
6/28/2022,779,36.8,531,240
6/29/2022,8801,629.5,9155,5400
6/30/2022,997,48.1,690,540
7/1/2022,1582,73.5,1112,960
7/2/2022,12994,521.6,8677,8760
7/3/2022,6670,285,4667,4020
7/4/2022,2105,79.1,1348,1140
7/5/2022,733,32.8,489,420
7/6/2022,1474,59,1031,600
7/7/2022,815,45.7,528,600
7/8/2022,4353,147,2825,1200
7/9/2022,496,16.2,338,0
7/10/2022,906,27.4,546,0
7/11/2022,9342,386.5,6933,5460
7/12/2022,780,36.8,521,360
7/13/2022,3221,154.6,2202,2280
7/14/2022,9529,541.3,8474,4860
7/15/2022,1398,60.9,930,420
7/16/2022,1307,56.9,848,420
7/17/2022,517,16.9,298,180
7/18/2022,9747,468.9,8410,5820
7/20/2022,721,29.3,515,0
7/21/2022,721,23.2,475,0
7/22/2022,3129,123.8,2052,2040
7/23/2022,1646,73.2,1103,780
7/24/2022,4615,225,3233,3060
7/25/2022,18042,736.4,12519,11460
7/26/2022,17329,761.7,12958,11340
7/27/2022,9206,390.3,6429,5940
7/28/2022,536,26.6,380,120
7/29/2022,15651,656.5,10391,11640
7/30/2022,15707,670.8,10896,10860
7/31/2022,5495,217.1,3531,3960
8/1/2022,1084,57.4,794,480
8/2/2022,6272,255.5,4387,3960
8/3/2022,241,10.6,176,0
8/4/2022,14443,813.6,12618,8580
8/5/2022,6500,276.8,4639,4140
8/6/2022,12976,527.4,8573,9000
8/7/2022,1574,65.4,1089,600
8/8/2022,7850,324.6,5796,4680
8/9/2022,6973,258.2,4640,3900
8/10/2022,5429,222.1,3582,3600
8/11/2022,1979,86.5,1376,1080
8/12/2022,5881,255,3934,4200
8/13/2022,10324,405.2,7084,6300
8/14/2022,25425,1034.8,18084,16200
8/15/2022,4816,198.3,3601,2580
8/16/2022,7953,323.5,5653,4980
8/17/2022,5742,242.6,4107,3540
8/18/2022,728,37.2,491,300
8/19/2022,2249,105.2,1540,1440
8/20/2022,1078,45.3,699,540
8/21/2022,3935,153.3,2557,2220
8/22/2022,1423,63.7,1034,480
8/23/2022,861,38.3,580,300
8/24/2022,899,30.3,577,240
8/25/2022,4382,184.8,3024,2520
8/26/2022,8594,351.7,6108,5280
8/27/2022,10384,457.1,7274,6720
8/28/2022,3151,119.7,2100,1680
8/29/2022,1032,49.1,730,480
8/30/2022,1492,72.6,1083,780
8/31/2022,1986,90.8,1378,1140
9/1/2022,3630,157.7,2528,2340
9/2/2022,1998,90.5,1409,1140
9/3/2022,2708,114.9,1822,1800
9/14/2022,5179,226.3,3829,1740
9/15/2022,2332,112.4,1632,900
9/16/2022,5899,270.3,4115,3060
9/17/2022,12621,532,9108,8160
9/18/2022,14605,628.3,10735,10080
9/19/2022,19181,831.5,13966,13020
9/20/2022,23961,1044.8,17860,15420
9/21/2022,23540,1011.3,17310,16500
9/22/2022,14368,666.2,11322,10200
9/23/2022,16158,671.6,11653,10920
9/24/2022,17152,679.1,10927,12060
9/25/2022,10078,433,7057,7200
9/26/2022,15543,629.9,10813,9900
9/27/2022,12358,547.6,9483,7740
9/28/2022,12928,589,9955,8940
9/29/2022,11215,516.1,8550,7680
9/30/2022,19425,847.8,14507,13140
10/1/2022,9833,563.3,9016,6600
10/2/2022,7561,316.4,5521,4860
10/3/2022,15461,705.3,11990,10260
10/4/2022,10771,497.9,8539,6960
10/5/2022,10212,502,8293,6720
10/6/2022,8980,382.2,6706,6120
10/7/2022,10121,497.7,8087,7440
10/8/2022,9875,464.6,7935,6120
10/9/2022,8309,371.4,6435,5340
10/10/2022,12514,542.5,9181,8940
10/11/2022,11997,569.4,9614,8160
10/12/2022,11651,542.2,8987,7680
10/13/2022,10865,497.9,8279,7800
10/14/2022,12505,543,9381,8100
10/15/2022,7343,351.2,5876,4680
10/16/2022,6974,292.2,5158,4320
10/17/2022,10042,439,7193,7440
10/18/2022,9033,368.5,6630,5220
10/19/2022,8729,361.4,6819,4260
10/20/2022,10564,474.8,8364,7380
10/21/2022,7856,353.9,6192,5160
10/22/2022,10639,456.3,7888,6480
10/23/2022,6858,303.2,5288,4200
10/24/2022,9912,449.2,7722,6780
10/25/2022,11288,500.6,8800,7440
10/26/2022,13536,619,10813,8520
10/27/2022,11238,523.8,9045,7440
10/28/2022,19422,883.5,15705,12480
10/29/2022,6718,302.7,5297,4740
10/30/2022,6562,292.4,5001,4200
10/31/2022,19829,853.3,14563,13140
11/1/2022,16416,728.5,13044,9960
11/2/2022,11888,534.2,9007,7560
11/3/2022,9714,464.3,7917,6000
11/4/2022,13342,609.4,10216,9360
11/5/2022,10486,459.2,8001,6660
11/6/2022,7317,308.7,5227,5040
11/7/2022,7644,335.6,5696,5280
11/13/2022,9046,355.8,7073,3780
11/14/2022,13892,636,11096,8460
11/15/2022,10428,495.6,8806,6420
11/16/2022,12175,574.6,9595,7860
11/17/2022,10030,468.2,7857,6420
11/18/2022,12779,569.4,9759,8160
11/19/2022,9764,436.6,7586,6300
11/20/2022,12034,547.7,9221,8400
12/14/2022,4572,172,3256,1260
12/15/2022,1368,43.9,946,0
12/16/2022,2625,117.9,1852,1020
12/17/2022,7298,288.2,4837,4320
12/18/2022,2931,142.8,2111,1860
12/19/2022,1494,67.7,1095,720
12/20/2022,12479,563.5,9846,7500
12/21/2022,1812,79.6,1278,900
12/22/2022,16689,736.1,12499,10740
12/23/2022,11940,517.4,8907,7440
12/24/2022,6539,261.8,4380,3420
12/25/2022,12086,475.1,7767,8400
12/26/2022,856,43.7,637,420
12/27/2022,3564,146.3,2364,2340
12/28/2022,6805,295.9,4963,4140
12/29/2022,5372,208,3460,3060
12/30/2022,1920,77.6,1276,1080
12/31/2022,1470,65.7,964,780
1/1/2023,8906,472.5,7505,5460
1/2/2023,871,33.5,601,0
1/3/2023,8976,370.5,6200,5400
1/4/2023,3316,152.5,2156,1980
1/5/2023,3354,135.4,2238,1860
1/6/2023,10814,414.4,6346,7380
1/7/2023,2460,113.6,1575,1380
1/8/2023,6752,281.6,4559,4260
1/9/2023,12992,557.3,9634,8400
1/10/2023,5939,281.2,4582,4500
1/11/2023,9150,448.9,7572,5520
1/12/2023,11846,513.4,8803,8160
1/13/2023,7118,313.7,5270,5220
1/14/2023,8027,348,6160,5160
1/15/2023,6228,266.4,4683,3900
1/16/2023,6145,263,4646,3960
1/17/2023,10427,546.3,8717,7200
1/18/2023,9011,437.9,7359,6120
1/19/2023,10268,457.8,7722,7140
1/20/2023,12370,553.3,9598,7860
1/21/2023,8569,396.8,6963,5820
1/22/2023,5295,262.2,4240,3540
1/23/2023,9241,455.7,7302,7020
1/24/2023,10299,469.8,7947,7140
1/25/2023,10173,455.5,7679,7080
1/26/2023,10016,470.6,7727,7500
1/27/2023,7143,311.3,5408,4500
1/28/2023,6010,284.6,4862,4260
1/29/2023,9147,443.4,7429,6000
1/30/2023,11605,567.1,9472,8220
1/31/2023,10155,474.2,8135,6840
2/1/2023,8729,392.5,6654,5820
2/2/2023,13974,609.3,10709,8700
2/3/2023,19476,871.9,15377,11400
2/4/2023,8206,374.9,6484,5100
2/5/2023,12049,530,9620,7020
2/6/2023,10591,478,8167,7020
2/7/2023,15267,646.5,11047,10380
2/8/2023,8189,357.3,6382,5400
2/9/2023,11472,505.7,8833,7380
2/10/2023,8228,429.1,7057,5700
2/11/2023,8255,372.1,6362,5520
2/12/2023,9996,462.2,8147,6120
2/13/2023,10865,520.5,8921,7920
2/14/2023,11649,520.8,9516,6780
2/15/2023,11703,552.2,9465,7200
2/16/2023,12732,575.4,9850,8760
2/17/2023,4588,206.9,3367,3360
2/19/2023,5247,207.3,3745,2640
2/20/2023,4402,160.9,2953,1920
2/21/2023,12294,545.3,9557,8340
2/22/2023,9446,423.2,7227,6180
2/23/2023,13656,633.3,10085,9780
2/24/2023,13395,663.1,10936,8580
2/25/2023,11979,683.6,10640,9480
2/26/2023,7449,341.1,5790,4620
2/27/2023,15123,799.4,13027,9780
2/28/2023,11456,551.7,9110,8220
3/1/2023,11767,573.8,9816,8040
3/2/2023,11041,499.2,8349,8100
3/3/2023,9253,432.1,7447,5940
3/7/2023,13264,688.6,11146,10860
3/8/2023,11426,540,9233,7260
3/9/2023,12142,573.8,9431,9180
3/10/2023,16167,712.4,11453,11400
3/11/2023,13435,629.2,10267,9480
3/12/2023,13341,606.2,9945,9240
3/13/2023,10574,461.2,7753,7260
3/14/2023,8677,367.6,6132,5700
3/15/2023,12853,610.8,10352,8460
3/16/2023,14417,646.6,11216,9120
3/17/2023,8882,403.4,6997,5160
3/18/2023,6190,258.2,4365,4320
3/19/2023,7562,316.9,5429,5100
3/20/2023,12756,538.9,9442,7980
3/21/2023,11447,486.8,8049,7560
3/22/2023,3745,149.6,2498,2580
3/23/2023,9180,396.4,6332,6240
3/24/2023,7530,296.3,4713,5100
3/25/2023,10677,418.4,6954,7200
3/26/2023,16585,696.2,11271,11880
3/27/2023,8661,366.5,6383,5100
3/28/2023,6308,252.6,4551,3540
3/29/2023,11213,466.9,8123,7020
3/30/2023,6418,237.7,4105,3840
3/31/2023,3757,171.1,2634,2400
4/1/2023,11190,485,7959,6240
4/2/2023,9010,380.7,6514,4980
4/3/2023,10093,453.7,8554,5220
4/4/2023,10391,466.4,8009,7200
4/5/2023,10565,546.9,8924,7140
4/6/2023,12103,577.8,9338,8160
4/7/2023,16206,716.4,12278,10800
4/8/2023,8351,366.4,6257,6000
4/9/2023,8422,458.8,7346,5160
4/10/2023,11573,546.2,9089,7560
4/11/2023,10850,475.4,8555,6060
4/12/2023,11802,620.5,10153,7260
4/13/2023,11950,595.6,9869,8220
4/14/2023,11157,543.6,8991,7740
4/15/2023,15403,715.5,12007,10200
4/16/2023,7979,340.7,5705,5580
4/17/2023,11729,575.7,9808,7500
4/18/2023,9761,423.4,7197,6420
4/19/2023,10706,424.8,6861,6960
4/20/2023,12576,666.3,10925,8220
4/21/2023,20656,979.4,16338,14340
4/22/2023,11404,591.6,9478,7800
4/23/2023,13456,659.5,11488,8880
4/24/2023,17361,896.6,15105,11040
4/25/2023,13962,647.1,11065,9060
4/26/2023,13933,659,11032,9180
4/27/2023,17279,836.1,13862,10860
4/28/2023,12390,597.1,9525,8820
4/29/2023,12115,544.9,8892,7980
4/30/2023,9014,409.7,6742,6120
5/1/2023,13464,621,10920,8400
5/2/2023,11666,551.5,9070,7500
5/3/2023,10762,513.7,8247,7200
5/4/2023,10723,489.2,7954,6720
5/5/2023,15164,654.8,10649,9960
5/6/2023,10227,496.3,8159,6480
5/7/2023,18219,967.7,14336,11820
5/8/2023,10728,489,8607,7020
5/9/2023,10720,470,8419,6060
5/10/2023,11105,462.4,8387,6360
5/11/2023,9666,416.8,6955,6480
5/12/2023,9001,400.9,6932,5220
5/13/2023,7140,290.7,4923,4680
5/14/2023,10433,477.8,7724,7200
5/15/2023,12251,575.8,9727,8160
5/16/2023,11591,550.1,10059,5940
5/17/2023,11991,518.3,9225,6840
5/18/2023,11992,453.8,8114,6600
5/19/2023,12719,534.3,9287,7860
5/20/2023,11287,537.6,8666,8400
5/21/2023,7118,310,5246,4740
5/22/2023,12402,577.9,9997,8280
5/23/2023,12250,537.8,9691,7740
5/24/2023,12630,641.4,10758,8160
5/25/2023,14750,702.9,12118,9480
5/26/2023,14051,672.5,11233,8880
5/27/2023,10820,564.4,8698,8040
5/28/2023,6990,344.9,5889,5160
5/29/2023,10287,513.3,9034,7620
5/30/2023,17348,811.4,13775,11340
5/31/2023,18058,901.6,15104,11400
6/1/2023,17417,733.8,13346,9300
6/2/2023,16739,804.5,13768,10020
6/3/2023,11465,537.8,8895,7500
6/4/2023,6980,345.6,5556,5100
6/5/2023,15701,799.4,13568,9960
6/6/2023,11491,505.6,8647,7620
6/7/2023,13788,716.7,11543,8940
6/8/2023,12365,551.5,9797,7860
6/9/2023,13764,538.5,9360,8940
6/10/2023,8300,382.6,6445,5520
6/11/2023,6512,307.7,5318,4200
6/12/2023,8967,392.6,6795,6240
6/13/2023,5333,269.3,4535,4500
6/14/2023,10853,512,8597,7320
6/15/2023,7316,306.1,5498,4440
6/16/2023,14768,672.1,11245,9480
6/17/2023,8909,348.2,6079,5520
6/19/2023,1657,54.5,1141,0
6/20/2023,1968,63.2,1194,300
6/21/2023,2735,115.2,1836,1020
6/22/2023,5533,232.7,4302,3120
6/23/2023,10938,462.2,8021,6780
6/24/2023,16009,653.1,10804,11580
6/25/2023,18950,790.5,13898,12060
6/26/2023,8798,428.4,7198,6120
6/27/2023,6291,309.7,5454,3840
6/28/2023,7729,410.3,6766,5220
6/29/2023,9128,441.1,7739,5940
6/30/2023,4781,197.5,3316,2580
7/1/2023,15887,679.9,11995,10200
7/2/2023,743,37.9,523,420
7/3/2023,7583,422.8,6739,5220
7/4/2023,7424,354,6026,4200
7/5/2023,6906,375.5,6157,4680
7/6/2023,5794,287.7,4947,3720
7/7/2023,1834,82.5,1188,900
7/8/2023,22509,1064.3,15910,15780
7/9/2023,2869,126.5,2119,1620
7/10/2023,5565,282.1,4858,3480
7/11/2023,6814,373.1,6215,4140
7/12/2023,6581,358.4,5985,4260
7/13/2023,6788,368.8,5958,4560
7/14/2023,1202,52.8,781,480
7/15/2023,6975,274.5,4744,4500
7/16/2023,836,35.5,539,360
7/17/2023,5680,291.3,4856,3840
7/18/2023,9094,478.9,8098,6000
7/19/2023,15462,712.1,12618,9600
7/20/2023,5034,279.9,4525,3360
7/21/2023,474,19.2,338,120
7/22/2023,4281,177.9,2779,2880
7/23/2023,334,17.3,228,240
7/24/2023,6014,325.8,5172,4020
7/25/2023,6944,357.5,6344,4260
7/26/2023,6624,292.2,5662,3300
7/27/2023,6921,391.7,6455,4080
7/28/2023,7762,322.5,5713,4440
7/29/2023,530,25.7,363,300
7/30/2023,566,30,396,360
7/31/2023,4744,273.6,4285,2880
8/1/2023,7939,411.4,6929,5340
8/2/2023,6696,374.3,6112,4080
8/3/2023,7358,342.2,6661,2820
8/4/2023,1776,79.5,1256,840
8/5/2023,1714,72.3,1132,840
8/6/2023,6596,249,4225,3900
8/7/2023,10225,473.4,7931,6360
8/8/2023,6464,363,5980,4200
8/9/2023,8155,430.5,7228,5040
8/10/2023,5965,294.9,5133,3180
8/11/2023,2047,63.3,1309,480
8/12/2023,11485,473.8,8208,7020
8/13/2023,15190,607.4,9913,9900
8/14/2023,4796,263.5,4320,3060
8/15/2023,5768,299.9,5027,3840
8/17/2023,5048,237.4,4425,1560
8/18/2023,751,27.4,526,0
8/19/2023,1109,37.3,730,0
8/20/2023,9486,400.4,6569,6000
8/21/2023,4907,248.4,4313,3000
8/22/2023,14026,635.8,10927,8340
8/23/2023,13553,627.1,11149,8340
8/24/2023,5482,282.8,4757,3360
8/25/2023,8793,344.2,5840,5400
8/26/2023,20833,896.2,15784,13260
8/27/2023,17828,745.1,12831,10860
8/28/2023,13259,618.8,10616,8160
8/29/2023,6633,347.6,6035,3900
8/30/2023,11740,535.5,9431,7080
8/31/2023,12764,629.1,10586,7560
9/1/2023,8756,333.3,5616,5280
9/2/2023,15866,659.8,10839,11280
9/3/2023,5937,253.8,3899,4260
9/4/2023,1078,46.6,763,360
9/5/2023,6841,366.7,6186,3720
9/6/2023,7356,373,6316,4980
9/7/2023,4878,257,4192,3360
9/8/2023,649,32.4,437,300
9/9/2023,8796,339.9,6053,5220
9/10/2023,1566,73.5,976,1260
9/11/2023,12752,582.7,10119,7800
9/12/2023,13860,670,11503,8700
9/13/2023,14565,690.8,11887,9000
9/14/2023,12298,546.8,10222,6300
9/15/2023,7012,286.6,5105,3960
9/16/2023,16792,646.5,10918,10740
9/17/2023,8814,354.8,6130,5040
9/18/2023,10443,416.4,7424,6360
9/19/2023,9340,348.6,6225,4800
9/20/2023,1460,57.8,1032,360
9/21/2023,8894,350.8,6155,5280
9/22/2023,1194,58,818,480
9/23/2023,6995,295.1,4412,3900
9/24/2023,3608,139.7,2430,2160
9/25/2023,10748,479.3,8167,7260
9/26/2023,3661,130.7,2363,1680
9/27/2023,4983,218.7,3615,3300
9/28/2023,11288,538.5,8952,7680
9/29/2023,15573,631.2,10876,10080
9/30/2023,1241,44.1,817,660
10/1/2023,1895,81.6,1234,1260
10/2/2023,5447,214.9,3813,3240
10/3/2023,7215,349.1,5794,4560
10/4/2023,9297,422.7,7312,5460
10/5/2023,6473,283.6,4652,4380
10/6/2023,21090,995.2,17121,14040
10/7/2023,10847,524.4,9010,6240
10/8/2023,3195,139.7,2269,1920
10/9/2023,12344,562.6,9160,8520
10/10/2023,5005,231.9,3831,3060
10/11/2023,7472,376.4,6243,4380
10/12/2023,11266,544,9158,6960
10/13/2023,3705,151.9,2482,2580
10/14/2023,2269,89.2,1747,840
10/15/2023,5101,217,3627,3060
10/16/2023,4247,182.7,3073,2820
10/17/2023,6344,317.7,5100,3900
10/18/2023,7334,378.3,6251,3780
10/19/2023,5578,290.7,4520,3360
10/20/2023,9341,418,6902,6900
10/21/2023,9518,421.7,7133,6780
10/22/2023,46,1,26,0
10/26/2023,6996,295.3,5552,3780
10/27/2023,2996,123.1,2188,1800
10/28/2023,1161,36.6,797,300
10/29/2023,696,14.2,422,0
10/30/2023,3667,147,2741,1860
10/31/2023,7625,408.8,6377,4740
11/1/2023,6441,296.5,5194,3900
11/2/2023,9841,376.7,7067,5340
11/3/2023,2249,89.1,1625,1260
11/4/2023,1563,56.9,1061,660
11/5/2023,2506,98.7,1610,1800
11/6/2023,5048,240.4,3965,3420
11/7/2023,6524,310.6,4946,4560
11/8/2023,5472,238.5,4252,2940
11/9/2023,5530,235.1,4017,3480
11/10/2023,4164,173.8,2943,2760
11/11/2023,953,34.3,632,420
11/12/2023,1833,70.7,1334,900
11/13/2023,3469,169.7,2637,2400
11/14/2023,4950,224.4,3687,3240
11/15/2023,5233,261.1,4240,3540
11/16/2023,8035,358.9,6209,4920
11/17/2023,11848,520.8,9530,6600
11/18/2023,9313,436.8,7955,5100
11/19/2023,556,13.2,344,60
11/20/2023,5422,280.1,4341,3060
11/21/2023,557,17.3,340,180
11/22/2023,7684,451.8,6713,4500
11/23/2023,25669,1003.5,17231,16680
11/24/2023,20445,793.7,13454,13680
11/25/2023,12147,489.5,8369,7380
11/26/2023,5521,219.5,3730,3540
11/27/2023,7715,445.6,6874,4560
11/28/2023,5494,301.4,4895,3240
11/29/2023,9697,480.2,7891,6180
11/30/2023,5131,219,3969,3120
12/1/2023,3370,131.7,2241,1860
12/2/2023,575,15.6,376,60
12/3/2023,729,26.7,481,300
12/4/2023,7785,353.9,5917,5640
12/5/2023,8280,384.4,6241,5700
12/6/2023,8519,395.6,6671,5160
12/7/2023,4050,181.8,3076,2460
12/8/2023,948,34.8,647,420
12/9/2023,1036,44.2,749,720
12/10/2023,1052,31.9,716,300
12/11/2023,6814,351.8,5690,4200
12/12/2023,7574,363.6,5900,5100
12/13/2023,641,30.2,462,540
12/15/2023,1742,73.2,1076,900
12/16/2023,8847,320.9,5779,4680
12/17/2023,2611,96.5,1714,240
12/18/2023,1578,57.6,1027,420
12/19/2023,2050,85.1,1264,1020
12/20/2023,1862,86.8,1175,1380
12/21/2023,1084,42.4,694,420
12/22/2023,13218,515.6,8657,8520
12/23/2023,18346,760.1,12899,12180
12/24/2023,9719,360.5,6055,6360
12/25/2023,15493,597.1,9424,10800
12/26/2023,14046,588.5,9443,10320
12/27/2023,19703,799.1,12942,13560
12/28/2023,26207,1080.4,17248,17940
12/29/2023,21713,860.6,13745,14280
12/30/2023,16959,689.8,10494,11700
12/31/2023,10847,408,6684,7020
1/1/2024,19707,761.9,12848,13140
1/2/2024,23179,971.5,15873,16080
1/3/2024,21185,827.2,13450,14820
1/4/2024,6333,246.9,4063,4620
1/5/2024,3991,186.8,2798,2820
1/6/2024,6242,255.5,3940,4380
1/7/2024,8350,389,6250,5220
1/8/2024,6852,294.9,5082,4800
1/9/2024,6049,281.5,4805,3960
1/10/2024,8568,426.3,6953,5820
1/11/2024,9910,435.1,7621,6120
1/12/2024,9849,479.9,8294,7140
1/13/2024,7111,316.5,5479,4020
1/14/2024,2128,79,1506,1020
1/15/2024,553,12.8,348,60
1/16/2024,7381,343.3,5947,4920
1/17/2024,8813,424.6,7018,5880
1/18/2024,6243,317.6,5064,4320
1/19/2024,5595,266.6,4281,3840
1/20/2024,464,12.6,292,120
1/21/2024,699,27.4,524,360
1/22/2024,7789,367.9,6058,4800
1/23/2024,10388,588.6,9206,6180
1/24/2024,6889,355.3,5798,4500
1/25/2024,8257,441.7,6968,5520
1/26/2024,5997,299.3,4693,4020
1/27/2024,990,41.5,693,480
1/28/2024,3697,159.4,2623,2460
1/29/2024,5800,263.3,4514,3540
1/30/2024,9551,484.9,8084,6180
1/31/2024,8369,464.3,7193,5400
2/1/2024,8440,412.6,6829,5520
2/2/2024,7412,339.8,5659,4560
2/3/2024,546,14.2,345,60
2/4/2024,5295,205.6,3820,3000
2/5/2024,5669,249,4221,3780
2/6/2024,5303,234.2,4068,3360
2/7/2024,6959,337.8,5607,4620
2/8/2024,6964,290,4857,4680
2/9/2024,728,31.4,527,480
2/10/2024,465,10.6,324,0
2/11/2024,1459,51.1,1089,360
2/12/2024,7499,304.8,5729,3900
2/13/2024,8113,374.4,6427,5640
2/14/2024,3503,148.2,2644,1800
2/15/2024,8245,394.4,6723,5280
2/16/2024,5124,260.2,4281,3420
2/17/2024,2470,106.1,1736,1440
2/18/2024,288,7.7,171,60
2/19/2024,2419,89.5,1681,1200
2/20/2024,7769,303.4,5486,4260
2/21/2024,6201,267.1,4827,3900
2/22/2024,9290,439.5,7574,5520
2/23/2024,10301,466.7,8027,6300
2/24/2024,8334,396.5,6857,4860
2/25/2024,3482,145.2,2744,2100
3/11/2024,8914,404.5,7301,5280
3/12/2024,10843,433.1,8539,5460
3/13/2024,6168,261.7,4906,3000
3/14/2024,12299,502.2,8315,8220
3/15/2024,9374,402.9,7049,6060
3/16/2024,1355,59.2,952,960
3/17/2024,4777,195.8,3469,2880
3/29/2024,3873,147.8,2826,840
3/30/2024,5056,194.9,3378,3060
3/31/2024,3946,181.3,2804,1980
4/1/2024,7314,357.2,6103,4500
4/2/2024,6657,338.7,5529,4440
4/3/2024,6483,298.8,5155,4140
4/4/2024,8930,422.6,7166,5640
4/5/2024,1801,67.1,1256,780
4/6/2024,6006,255.1,4474,3660
4/7/2024,6493,284.4,5246,3780
4/8/2024,11240,556.8,9333,7020
4/9/2024,5970,261.6,4612,3660
4/10/2024,10618,576.5,9355,6360
4/11/2024,10344,461,8333,5160
4/12/2024,5900,261.2,4939,2700
4/13/2024,7847,345.5,6132,4320
4/14/2024,9183,411,7307,5460
4/15/2024,9569,530,8657,5820
4/16/2024,8250,361.2,6571,4740
4/17/2024,9874,426,7584,5520
4/18/2024,6832,331.4,5636,4020
4/19/2024,7643,385.3,6400,4500
4/20/2024,750,30.8,512,420
4/30/2024,6326,302.1,5579,3540
5/1/2024,6105,335.2,5781,4260
5/2/2024,14853,755.4,13077,8880
5/3/2024,7955,334.4,6359,4320
5/4/2024,9422,415.5,7262,5940
5/5/2024,3522,160,2880,1980
5/6/2024,11817,530,9688,7020
5/7/2024,10415,509.4,8829,5400
5/8/2024,6304,330.4,5391,3300
5/9/2024,12368,572.4,10039,7140
5/10/2024,7626,345.9,6066,4200
5/11/2024,5835,256.3,4403,3540
5/12/2024,9328,372.8,6848,5340
5/13/2024,11005,568.3,9362,6360
5/14/2024,1867,69.9,1484,840
5/20/2024,7625,308.4,6129,3480
5/21/2024,11626,524.3,9333,6240
5/22/2024,7379,438.7,6909,4140
5/23/2024,16016,761.8,13074,9420
5/24/2024,8901,400.6,6824,5880
5/25/2024,1559,57.1,1084,720
5/26/2024,14630,534.7,8973,8940
5/27/2024,7911,372.8,6360,5160
5/28/2024,6994,393.9,6339,4140
5/29/2024,8140,360.4,6281,4980
5/30/2024,11641,678.6,10760,6960
5/31/2024,7558,374.5,6283,4740
6/1/2024,6723,289.9,5133,4260
6/2/2024,6770,294.6,5074,4260
6/3/2024,10357,485.5,8190,6960
6/4/2024,642,30.1,493,480
6/6/2024,20081,899.7,16272,12060
6/7/2024,12260,530.8,9663,6540
6/8/2024,5654,223.7,4497,2400
6/9/2024,4138,176.4,3260,2580
6/10/2024,8031,381.2,6329,5220
6/11/2024,8246,416.3,6998,5220
6/12/2024,4869,213.8,3603,2880
6/13/2024,4789,210.1,3576,2700
6/14/2024,7627,319.8,5813,4320
6/15/2024,4904,186.5,3433,1560
6/16/2024,3732,123.8,2484,540
6/17/2024,2424,85.9,1537,780
6/18/2024,8665,360.3,6270,5160
6/19/2024,8379,346.4,6050,5160
6/20/2024,4286,195.7,2944,2880
6/21/2024,4274,181.1,3165,2400
6/22/2024,1364,65.8,916,780
6/23/2024,12414,533.8,9383,7680
6/24/2024,8241,342,6187,4740
6/25/2024,7273,284.8,5049,4260
6/26/2024,6755,263.5,4882,3900
6/27/2024,7211,297.2,5318,4440
6/28/2024,7437,324.8,6267,4080
6/29/2024,4930,203.5,3623,2880
6/30/2024,7099,304.9,5170,4440
7/1/2024,6917,267.4,4684,4080
7/2/2024,6494,254.7,4380,4200
7/3/2024,4102,172.4,2682,3000
7/4/2024,5784,237.4,3913,3540
7/5/2024,8602,351.1,5740,4020
7/6/2024,13272,510.1,8747,7800
7/7/2024,7408,288.7,4882,4380
7/8/2024,6632,247.2,4278,3840
7/9/2024,895,36.7,615,60
7/10/2024,7080,272.4,4752,4140
7/11/2024,7200,273.9,4663,4080
7/12/2024,4930,184.5,3162,2700
7/13/2024,4278,181.4,2834,2880
7/14/2024,19276,858.2,13368,13200
7/15/2024,7701,293.1,4915,4740
7/16/2024,6459,248.3,4280,4080
7/17/2024,3250,137.3,2404,1860
7/18/2024,4899,198.5,3374,3000
7/19/2024,6911,281.4,4805,4260
7/20/2024,7924,296.9,5176,4440
7/21/2024,6449,264.8,4762,3900
7/22/2024,6489,258.9,4636,3840
7/23/2024,1166,61.1,743,780
7/24/2024,8779,372.3,6555,5520
7/25/2024,509,12.1,332,0
7/26/2024,4006,157.1,2604,2580
7/27/2024,8939,359.2,5794,6300
7/28/2024,19723,807.4,12832,13140
7/29/2024,10014,418.8,6860,6960
7/30/2024,14255,564.5,9722,9060
7/31/2024,14019,539.2,8963,9840
8/1/2024,10519,452.1,7029,7080
8/2/2024,15034,594.1,10161,10200
8/3/2024,4563,174.7,2981,2940
8/4/2024,2008,92.5,1440,1080
8/5/2024,1884,77,1130,1140
8/6/2024,1682,76.3,1040,1080
8/7/2024,8469,360.7,6066,5400
8/8/2024,2517,106.3,1552,1620
8/9/2024,1826,86.5,1230,1320
8/10/2024,1316,61.2,890,600
8/11/2024,1021,47.7,627,600
8/12/2024,1502,61.8,961,600
8/13/2024,975,43.7,635,600
8/14/2024,8844,361,6538,4980
8/15/2024,6678,322.1,5665,4080
8/16/2024,1528,68.4,1018,1020
8/17/2024,1124,48.3,691,780
8/18/2024,4827,198.9,3502,2880
8/19/2024,838,38.2,591,300
8/20/2024,612,31.9,461,240
8/21/2024,1281,63.8,852,660
8/22/2024,8188,343.2,6565,4140
8/23/2024,2028,76.1,1213,660
8/24/2024,3013,146.2,1865,1860
8/25/2024,1165,56.1,800,540
8/26/2024,2363,118.3,1508,1440
8/27/2024,1674,60.9,1054,420
8/28/2024,1930,77.2,1252,1020
8/29/2024,4193,159.4,2740,2280
8/30/2024,3106,131.8,2099,1500
8/31/2024,1942,77.6,1300,720
9/1/2024,1764,78.3,1155,840
9/2/2024,9595,392.9,6453,6180
9/3/2024,8073,335.6,6073,4560
9/4/2024,1008,44.9,631,660
9/9/2024,8467,332,5967,4380
9/10/2024,7379,303.1,5661,3720
9/11/2024,1433,53.8,939,300
9/12/2024,1303,58.4,834,480
9/13/2024,2197,89.8,1415,1020
9/14/2024,9001,358.8,6173,5820
9/15/2024,21600,1058.4,15776,13680
9/16/2024,7045,284.3,4909,4200
9/17/2024,7244,270.5,4638,4260
9/18/2024,8735,367.5,6175,5520
9/19/2024,6842,274,4939,4320
9/20/2024,10004,426.6,7098,6180
9/21/2024,19050,784.4,13797,11640
9/22/2024,11836,561.2,8619,7320
9/23/2024,7771,343.4,6079,4440
9/24/2024,9604,449.3,7213,6120
9/25/2024,3404,159,2259,2160
9/26/2024,11120,490.6,8441,7080
9/27/2024,3666,169.3,2714,2160
9/28/2024,1383,48.1,903,420
9/29/2024,3813,181.7,2592,2520
9/30/2024,11670,622,10247,7680
10/1/2024,9273,542.1,8512,6360
10/2/2024,7896,379.5,6243,5220
10/4/2024,3353,151.3,2628,2040
10/5/2024,3073,112.1,2188,1020
10/6/2024,3060,132.1,2135,960
10/7/2024,7539,338.5,5992,4500
10/8/2024,9351,436.3,7528,5940
10/9/2024,11649,531.8,8941,7380
10/10/2024,7861,386.1,6608,5760
10/11/2024,9179,385.2,6718,5760
10/12/2024,2945,123,2117,1680
10/13/2024,7006,321.7,5544,4320
10/14/2024,8263,403.8,6876,5220
10/15/2024,6728,383.5,6424,4920
10/16/2024,10445,461.6,7986,6900
10/17/2024,12008,581.4,9902,7500
10/18/2024,5078,231.8,3881,2640
10/19/2024,5833,264.9,4427,4140
10/20/2024,7251,330.1,5194,5460
10/21/2024,5986,286.5,4726,3300
10/22/2024,11340,559.1,9503,6960
10/23/2024,12719,585.7,10578,6960
10/24/2024,10206,486.9,8061,6180
10/25/2024,9484,361.1,5486,7020
10/26/2024,6389,269.9,4607,3960
10/27/2024,4944,232.9,3935,3300
10/28/2024,7733,362.1,6304,4980
10/29/2024,12478,589.5,10178,7860
10/30/2024,9466,444.8,7368,5940
10/31/2024,7532,371.7,6309,4980
11/1/2024,6550,281,5155,3780
11/2/2024,6447,259.4,4617,3480
11/3/2024,1935,78.9,1350,900
11/4/2024,5991,276,4571,3540
11/5/2024,9351,439.7,7511,5640
11/6/2024,10449,500.2,8577,6660
11/7/2024,9887,520.3,8993,6900
11/8/2024,11240,541.4,9023,7500
11/9/2024,3726,176.8,3020,2340
11/10/2024,2080,95.5,1547,1260
11/11/2024,862,30.1,537,300
11/12/2024,9772,535.6,8834,6120
11/13/2024,9278,402.8,7629,4800
11/14/2024,12628,586.2,10890,6420
11/15/2024,5679,233.5,3968,2700
11/16/2024,13858,530.9,9329,8160
11/17/2024,3607,156.7,2367,2520
11/18/2024,8132,447.4,7325,4920
11/19/2024,5901,313.6,5247,3480
11/20/2024,6682,317.1,5184,4380
11/21/2024,9196,455.1,7501,6120
11/22/2024,6962,345.1,5339,4620
11/23/2024,10051,466.4,7858,6600
11/24/2024,4845,227.7,3628,3180
11/25/2024,5794,273,4675,3600
11/26/2024,5956,280.4,4834,3540
11/27/2024,4794,191.4,3583,2160
11/28/2024,821,25.2,534,60
11/29/2024,1593,64.4,1061,660
11/30/2024,2751,145.2,1854,1860
12/1/2024,1025,35,652,360
12/2/2024,10500,468.9,8194,6840
12/3/2024,7946,400.5,6720,4800
12/4/2024,5328,261.9,4420,3480
12/7/2024,5024,210.2,3946,2820
12/8/2024,6424,281.3,5362,3120
12/9/2024,4748,201,3952,2280
12/10/2024,6541,288.4,5379,3420
12/11/2024,5232,256.8,4668,2880
12/12/2024,6487,309.5,5204,4200
12/13/2024,6480,320.9,4684,4380
12/14/2024,6473,261.8,4081,4680
12/15/2024,4514,184.8,2943,3060
12/16/2024,1502,77.9,1005,960
12/17/2024,1868,89.6,1248,1260
12/18/2024,6363,254.3,4397,3840
12/19/2024,7125,277.7,4838,4260
12/20/2024,122,5.3,76,120
12/27/2024,7940,302.8,5300,4260
12/28/2024,9511,301,5625,4500
12/29/2024,2219,80.5,1561,960
12/30/2024,8973,339.4,5828,5760
12/31/2024,11127,428.6,7337,7680
1/1/2025,11469,477.4,8560,6840
1/2/2025,359,17.2,227,240
1/4/2025,9437,383.3,6909,5160
1/5/2025,3504,129.8,2314,960
1/6/2025,9218,406.8,7052,5580
1/7/2025,8398,392.1,6680,5580
1/8/2025,6511,307.3,5260,4380
1/9/2025,5336,243.6,4099,3360
1/10/2025,5739,248,4602,2580
1/11/2025,3584,172.3,2818,2220
1/12/2025,3814,190.4,2528,2760
1/13/2025,5183,228.6,3881,3000
1/14/2025,8796,505.6,8138,5700
1/15/2025,6733,328.2,5424,4260
1/20/2025,3156,130.4,2568,900
1/21/2025,7868,315.5,5859,3900
1/22/2025,8969,380.5,7433,4680
1/23/2025,8441,383,7070,4860
1/24/2025,7457,360.1,6451,4380
1/25/2025,4959,229,3916,3360
1/26/2025,4595,205.9,3255,2760
1/27/2025,11295,501.6,9058,6780
1/28/2025,11568,581.1,10035,7140
1/29/2025,8509,456.6,7595,5100
1/30/2025,11999,534.7,9265,7980
1/31/2025,7448,394.2,6567,5340
2/1/2025,5034,214.4,3624,3240
2/2/2025,907,42.5,602,420
2/3/2025,6357,290.1,4889,4260
2/4/2025,9416,443.7,7729,5580
2/5/2025,9500,424.5,7254,6300
2/6/2025,9914,464.7,7840,6720
2/7/2025,13315,679.2,11028,8820
2/8/2025,11069,498.2,8575,7440
2/9/2025,5684,269.7,3993,3660
2/10/2025,7917,419.9,6969,5880
2/11/2025,9075,453.5,7743,5340
2/12/2025,12600,630,10455,8460
2/13/2025,6363,273.4,4610,4440
2/14/2025,8201,414.9,6771,5100
2/15/2025,7761,332.9,5842,4620
2/16/2025,6156,281.6,4972,3480
2/17/2025,4205,191.1,3135,2640
2/18/2025,8795,499.8,8084,5280
2/19/2025,8121,382.5,6490,5220
2/20/2025,11796,580.5,9598,8880
2/21/2025,8758,440.8,6901,6240
2/22/2025,7647,376.4,6037,5220
2/23/2025,6562,311.3,5226,4320
2/24/2025,8973,445.7,7486,5940
2/25/2025,9652,460.1,7825,5640
2/26/2025,5904,273.7,4673,3540
2/27/2025,12951,587.3,9584,8700
2/28/2025,10771,593.7,9337,7080
3/1/2025,4170,207.5,3364,2580
3/2/2025,7699,330.9,5755,4980
3/3/2025,6734,311,5187,4200
3/4/2025,9680,465.7,8088,5460
3/5/2025,10156,485.9,8026,6420
3/6/2025,9263,510.1,8220,6960
3/7/2025,9928,503.7,8286,6060
3/8/2025,8130,397.1,6736,5040
3/9/2025,7050,336.8,5431,5100
3/10/2025,6436,306.1,5017,4200
3/11/2025,8579,405.3,6912,5040
3/12/2025,11917,575.6,9833,8040
3/13/2025,6121,264,4480,3960
3/14/2025,9453,463.4,7618,6060
3/15/2025,4856,245.9,3931,2940
3/16/2025,1828,140.3,2459,1500
3/17/2025,2421,113.5,1993,1140
3/18/2025,4808,231.3,3793,3180
3/19/2025,3374,160.1,2662,1860
3/20/2025,3913,183.3,2986,2640
3/21/2025,9000,401.6,6589,6180
3/22/2025,4127,185.9,2929,2520
3/23/2025,156,6.9,100,60
3/26/2025,12600,638.3,11036,6720
3/27/2025,8786,348.3,6795,4080
3/28/2025,3753,138.9,2542,1980
3/29/2025,8138,320.4,5296,4980
3/30/2025,5446,263.3,3799,3660
3/31/2025,6627,368.8,5835,4080
4/1/2025,7820,401.9,6638,4860
4/2/2025,11375,619,9698,7320
4/3/2025,8793,420.5,6956,5580
4/4/2025,4961,231,3595,3780
4/5/2025,1773,74.3,1191,900
4/6/2025,3151,136.3,2303,1740
4/7/2025,7417,314.6,6094,3420
4/8/2025,8148,413.3,6840,5340
4/9/2025,8305,391.5,6639,5100
4/10/2025,9894,509,7876,6660
4/11/2025,3382,148.5,2295,2100
4/12/2025,6884,299.5,5336,4560
4/13/2025,3713,195.8,3047,2160
4/14/2025,5988,289.5,4800,3840
4/15/2025,5045,219,3581,3420
4/16/2025,17904,702.6,12243,11760
4/17/2025,25063,1202.3,19661,15780
4/18/2025,23531,1010.3,17238,15000
4/19/2025,16372,658.7,11318,10620
4/20/2025,7967,315.6,5308,5280
4/21/2025,23109,968.8,16915,15420
4/22/2025,6686,280.9,4882,3960
4/23/2025,5086,245.9,3950,3480
4/24/2025,11348,452.5,8024,7260
4/25/2025,14277,590.5,9765,9540
4/26/2025,13384,589.7,10159,8700
4/27/2025,4069,169.1,2920,2520
4/28/2025,9025,411.6,6894,6000
4/29/2025,7962,355.2,6179,5640
4/30/2025,2209,90.6,1723,1260
5/1/2025,7206,306.7,5198,4860
5/2/2025,7630,364.3,6090,4620
5/3/2025,4737,223.7,3663,2880
5/4/2025,5226,256.9,3907,3600
5/5/2025,7374,344.7,5854,4860
5/6/2025,9375,466,7884,5700
5/7/2025,10943,609.5,9515,6840
5/8/2025,15598,726.8,13093,9540
5/9/2025,7734,343.9,5807,4800
5/10/2025,5251,262.1,4249,3120
5/11/2025,14968,588.5,10086,9600
5/12/2025,5355,300.3,4796,2760
5/13/2025,7628,357.4,6124,4440
5/14/2025,8023,413.3,6658,4800
5/15/2025,7712,350.8,5901,4800
5/16/2025,7781,408.8,6583,4860
5/17/2025,3152,141.4,2373,2040
5/18/2025,12380,586.3,10019,7380
5/19/2025,7256,330.7,5682,4320
5/20/2025,1666,56.3,1064,780
5/21/2025,6728,288.6,5263,3900
5/22/2025,4056,176.7,3211,2640
5/23/2025,4108,189.9,3269,2940
5/24/2025,3483,152.7,2712,2460
5/25/2025,20763,1062.3,17270,13500
5/26/2025,6914,286.9,5095,4380
5/27/2025,9215,438.9,7428,6060
5/28/2025,11141,586.3,9949,6720
5/29/2025,12171,537,9643,7440
5/30/2025,10119,478.8,8129,6420
5/31/2025,3682,184.6,3044,2400
6/1/2025,5744,244.2,4242,3000
6/2/2025,7410,364.4,6228,4260
6/3/2025,13222,698.7,11789,8520
6/4/2025,12669,630.1,10772,7620
6/5/2025,10601,533.5,8840,6480
6/6/2025,7101,335.9,5556,4200
6/7/2025,12224,520,9438,7200
6/8/2025,2109,101.6,1727,1080
6/9/2025,2643,116.9,2107,1380
6/10/2025,5834,256.3,4599,3300
6/11/2025,6462,302.9,5071,4320
6/12/2025,12406,658.5,10263,7980
6/13/2025,7074,333.8,5170,4620
6/14/2025,14774,606.6,10130,10260
6/15/2025,14672,753.7,11254,10500
6/16/2025,14300,738.2,11265,7800
6/17/2025,16321,859.9,13376,8940
6/18/2025,7432,295.8,5288,4080
6/19/2025,9058,397.8,6854,5400
6/20/2025,3692,159.9,2351,2340
6/21/2025,11005,475.7,7485,7200
6/22/2025,5728,240.5,3973,3240
6/23/2025,11093,475,7984,6900
6/24/2025,10136,445.4,7754,6420
6/25/2025,7136,308.1,5226,4560
6/26/2025,5922,271.3,4181,4080
6/27/2025,4554,189.4,3109,3060
6/28/2025,31085,1376.4,24304,18840
6/29/2025,12265,584.7,9407,7980
6/30/2025,4900,210.2,3386,3420
7/1/2025,7041,290.6,4808,4740
7/2/2025,4150,180.5,3077,2820
7/3/2025,5447,240.2,3967,3480
7/4/2025,16507,721.1,12865,9900
7/5/2025,22297,1292.2,18054,14100
7/6/2025,8347,388.7,6230,5340
7/7/2025,4329,195.2,3080,3120
7/8/2025,4787,194.1,3257,3300
7/9/2025,6755,296.7,4909,4020
7/10/2025,7548,330.2,5510,4800
7/11/2025,7336,375.9,6324,5340
7/12/2025,14682,726.8,11829,9180
7/13/2025,22721,1190.4,16888,14760
7/14/2025,4037,160.6,2870,2400
7/15/2025,4673,200.6,3496,2940
7/16/2025,5800,264.9,4062,3660
7/17/2025,6471,305,4873,4260
7/18/2025,9309,466.6,7532,5940
7/19/2025,11789,616.2,9946,7140
7/20/2025,32896,1487.8,27587,19500
7/21/2025,4894,219.6,3542,3060
7/22/2025,4038,186.8,3011,2880
7/23/2025,5382,262.8,4215,3600
7/24/2025,5155,244,3721,3420
7/25/2025,8130,392.1,6130,5580
7/26/2025,20544,1013.7,15474,13320
7/27/2025,11747,533.2,9257,7080
7/28/2025,5628,249.6,4062,3840
7/29/2025,9049,422,6974,6060
7/30/2025,7345,305.9,5060,4980
7/31/2025,6952,303.6,4845,4440
8/1/2025,17509,984.4,15525,10500
8/2/2025,4380,289.3,4315,1980
8/3/2025,11537,814.3,11111,5340
8/4/2025,4157,184.5,2966,2820
8/5/2025,6457,286.4,4463,4560
8/6/2025,5404,230.7,3841,3660
8/7/2025,4659,203.2,3430,2940
8/8/2025,9149,416.7,6577,6300
8/9/2025,57661,3129.5,44860,38580
8/10/2025,4464,208.3,3169,3000
8/11/2025,3792,170.3,2760,2580
8/12/2025,5796,243.4,4025,4020
8/13/2025,10209,426,7402,6840
8/14/2025,5805,241.2,4004,3540
8/15/2025,7383,312.4,5225,4920
8/16/2025,38460,2191.1,27881,26220
8/17/2025,2166,85,1350,1140
8/18/2025,5320,226.3,3552,3480
8/19/2025,4814,203.9,3262,3360
8/20/2025,5701,242.6,3934,3660
8/21/2025,5722,250.3,4083,3720
8/22/2025,7368,343.3,5660,4680
8/23/2025,9645,454,7630,5880
8/24/2025,4253,192.8,3001,2580
8/25/2025,7851,335.8,5785,4740
8/26/2025,7702,347.8,5666,4920
8/27/2025,7768,397.8,5989,5160
8/28/2025,7435,329.8,5486,4680
8/29/2025,5166,235.7,3763,3540
8/30/2025,10388,526.4,7785,7080
8/31/2025,5589,249.2,4315,3780
9/1/2025,7679,318.2,5752,4740
9/2/2025,8743,386.9,6800,5580
9/3/2025,8588,374.3,6522,5940
9/4/2025,8682,413.8,6687,5640
9/5/2025,7879,385.9,6295,4740
9/6/2025,6308,301.1,5115,4380
9/7/2025,7974,391.5,6478,5220
9/8/2025,9347,432.3,7566,6060
9/9/2025,7896,385,6322,5280
9/10/2025,7682,365.8,5801,5280
9/11/2025,5451,244.1,4038,3480
9/12/2025,9169,406.7,7013,5940
9/13/2025,10670,436.8,8053,6120
9/14/2025,8131,331.9,6065,4620
9/15/2025,10875,424,7725,6300
9/16/2025,6483,278.6,5203,3540
9/17/2025,5018,237.4,4289,2640
9/18/2025,1361,43.6,823,540
9/19/2025,882,39.7,582,420
9/20/2025,5504,230,3667,3780
9/21/2025,4022,197,2740,2700
9/22/2025,8089,359.7,6046,4680
9/23/2025,17391,783.3,13042,10800
9/25/2025,6856,289.1,5466,3060
9/26/2025,15148,600.9,10185,9600
9/27/2025,2088,76.4,1317,1020
9/28/2025,4129,165,2845,2520
9/29/2025,9993,457.6,7706,6180
9/30/2025,7095,347,5878,4320
10/1/2025,8017,342.5,6116,4800
10/2/2025,9156,410,7360,5220
10/3/2025,8104,338.2,6056,4920
10/4/2025,5541,242.6,4369,3120
10/5/2025,2981,139.6,1981,2220
10/6/2025,9738,428.7,7335,6000
10/7/2025,5181,225.2,3664,3420
10/8/2025,13736,651.5,11265,8520
10/9/2025,9695,422.9,7027,6480
10/10/2025,7807,292.6,4393,5040
10/11/2025,1516,43.8,722,540
10/12/2025,5464,240.5,3956,3900
10/13/2025,8824,419.9,6945,5580
10/14/2025,9292,459.3,7641,5220
10/15/2025,9536,465.7,7954,6120
10/16/2025,7674,329.6,5273,5400
10/17/2025,6361,269.1,4468,3900
10/18/2025,3855,149.8,2314,2580
10/19/2025,3652,161.4,2435,2040
10/20/2025,8391,386.5,6672,4500
10/21/2025,6565,271.6,4610,3660
10/22/2025,7372,316.6,5301,4860
